ID,EndTime
1,22:12:09.767712
2,08:18:09.767718
3,14:59:09.767721
4,16:43:09.767723
5,19:56:09.767725
6,16:26:09.767727
7,12:17:09.767730
8,01:12:09.767733
9,22:57:09.767736
10,04:12:09.767739
11,13:48:09.767741
12,04:06:09.767743
13,03:08:09.767745
14,09:00:09.767747
15,14:09:09.767749
16,08:29:09.767752
17,16:17:09.767754
18,21:31:09.767756
19,02:38:09.767758
20,11:15:09.767760
21,08:48:09.767762
22,05:45:09.767764
23,11:07:09.767766
24,13:19:09.767768
25,23:41:09.767770
26,13:43:09.767773
27,17:24:09.767775
28,16:27:09.767777
29,22:03:09.767779
30,01:47:09.767781
31,16:15:09.767783
32,15:28:09.767785
33,04:37:09.767787
34,02:42:09.767789
35,08:22:09.767791
36,00:42:09.767793
37,02:27:09.767795
38,18:14:09.767797
39,23:30:09.767799
40,12:20:09.767801
41,19:48:09.767803
42,23:56:09.767805
43,12:38:09.767807
44,01:52:09.767809
45,03:26:09.767811
46,03:36:09.767813
47,02:14:09.767816
48,06:11:09.767818
49,03:55:09.767820
50,00:44:09.767822
51,22:24:09.767825
52,12:28:09.767827
53,13:04:09.767829
54,21:21:09.767832
55,18:32:09.767834
56,02:07:09.767836
57,17:59:09.767838
58,13:37:09.767840
59,10:16:09.767842
60,19:09:09.767844
61,23:15:09.767846
62,16:49:09.767848
63,18:54:09.767850
64,09:54:09.767852
65,08:22:09.767854
66,21:20:09.767856
67,13:56:09.767859
68,16:19:09.767861
69,00:06:09.767863
70,00:43:09.767865
71,04:11:09.767867
72,11:47:09.767869
73,22:49:09.767871
74,07:34:09.767874
75,02:47:09.767879
76,00:05:09.767883
77,13:17:09.767887
78,16:15:09.767892
79,15:22:09.767896
80,11:46:09.767900
81,00:39:09.767905
82,08:36:09.767909
83,01:56:09.767913
84,16:41:09.767918
85,13:39:09.767922
86,21:49:09.767925
87,21:59:09.767929
88,12:34:09.767932
89,14:57:09.767935
90,11:39:09.767939
91,02:13:09.767942
92,20:40:09.767947
93,07:34:09.767950
94,11:00:09.767953
95,21:38:09.767955
96,17:09:09.767957
97,17:56:09.767960
98,12:19:09.767963
99,06:19:09.767965
100,09:55:09.767967
